IDX,Name,Origin,Type,Width,Height,Path
0,IM000001_mask.png,AFIO,Mask,1024,1024,../data/uncleaned/train/mask/AFIO_IM000001_mask.png
1,IM000004_mask.png,AFIO,Mask,1024,1024,../data/uncleaned/train/mask/AFIO_IM000004_mask.png
2,IM000023_mask.png,AFIO,Mask,1024,1024,../data/uncleaned/train/mask/AFIO_IM000023_mask.png
3,IM000024_mask.png,AFIO,Mask,1024,1024,../data/uncleaned/train/mask/AFIO_IM000024_mask.png
4,IM000135_mask.png,AFIO,Mask,1024,1024,../data/uncleaned/train/mask/AFIO_IM000135_mask.png
5,IM000136_mask.png,AFIO,Mask,1024,1024,../data/uncleaned/train/mask/AFIO_IM000136_mask.png
6,IM000167_mask.png,AFIO,Mask,1024,1024,../data/uncleaned/train/mask/AFIO_IM000167_mask.png
7,IM000168_mask.png,AFIO,Mask,1024,1024,../data/uncleaned/train/mask/AFIO_IM000168_mask.png
8,IM000189_mask.png,AFIO,Mask,1024,1024,../data/uncleaned/train/mask/AFIO_IM000189_mask.png
9,IM000209_mask.png,AFIO,Mask,1024,1024,../data/uncleaned/train/mask/AFIO_IM000209_mask.png
10,IM000210_mask.png,AFIO,Mask,1024,1024,../data/uncleaned/train/mask/AFIO_IM000210_mask.png
11,IM000333_mask.png,AFIO,Mask,1024,1024,../data/uncleaned/train/mask/AFIO_IM000333_mask.png
12,IM000389_mask.png,AFIO,Mask,1024,1024,../data/uncleaned/train/mask/AFIO_IM000389_mask.png
13,IM000390_mask.png,AFIO,Mask,1024,1024,../data/uncleaned/train/mask/AFIO_IM000390_mask.png
14,IM000678_mask.png,AFIO,Mask,1024,1024,../data/uncleaned/train/mask/AFIO_IM000678_mask.png
15,IM000679_mask.png,AFIO,Mask,1024,1024,../data/uncleaned/train/mask/AFIO_IM000679_mask.png
16,IM000715_mask.png,AFIO,Mask,1024,1024,../data/uncleaned/train/mask/AFIO_IM000715_mask.png
17,IM000716_mask.png,AFIO,Mask,1024,1024,../data/uncleaned/train/mask/AFIO_IM000716_mask.png
18,IM000938_mask.png,AFIO,Mask,1024,1024,../data/uncleaned/train/mask/AFIO_IM000938_mask.png
19,IM001031_mask.png,AFIO,Mask,1024,1024,../data/uncleaned/train/mask/AFIO_IM001031_mask.png
20,IM001032_mask.png,AFIO,Mask,1024,1024,../data/uncleaned/train/mask/AFIO_IM001032_mask.png
21,IM001034_mask.png,AFIO,Mask,1024,1024,../data/uncleaned/train/mask/AFIO_IM001034_mask.png
22,IM001069_mask.png,AFIO,Mask,1024,1024,../data/uncleaned/train/mask/AFIO_IM001069_mask.png
23,IM001070_mask.png,AFIO,Mask,1024,1024,../data/uncleaned/train/mask/AFIO_IM001070_mask.png
24,IM001096_mask.png,AFIO,Mask,1024,1024,../data/uncleaned/train/mask/AFIO_IM001096_mask.png
25,IM001097_mask.png,AFIO,Mask,1024,1024,../data/uncleaned/train/mask/AFIO_IM001097_mask.png
26,IM001126_mask.png,AFIO,Mask,1024,1024,../data/uncleaned/train/mask/AFIO_IM001126_mask.png
27,IM001127_mask.png,AFIO,Mask,1024,1024,../data/uncleaned/train/mask/AFIO_IM001127_mask.png
28,IM001154_mask.png,AFIO,Mask,1024,1024,../data/uncleaned/train/mask/AFIO_IM001154_mask.png
29,IM001155_mask.png,AFIO,Mask,1024,1024,../data/uncleaned/train/mask/AFIO_IM001155_mask.png
30,IM001192_mask.png,AFIO,Mask,1024,1024,../data/uncleaned/train/mask/AFIO_IM001192_mask.png
31,IM001193_mask.png,AFIO,Mask,1024,1024,../data/uncleaned/train/mask/AFIO_IM001193_mask.png
32,IM001218_mask.png,AFIO,Mask,1024,1024,../data/uncleaned/train/mask/AFIO_IM001218_mask.png
33,IM001219_mask.png,AFIO,Mask,1024,1024,../data/uncleaned/train/mask/AFIO_IM001219_mask.png
34,IM001246_mask.png,AFIO,Mask,1024,1024,../data/uncleaned/train/mask/AFIO_IM001246_mask.png
35,IM001686_mask.png,AFIO,Mask,1024,1024,../data/uncleaned/train/mask/AFIO_IM001686_mask.png
36,IM001749_mask.png,AFIO,Mask,1024,1024,../data/uncleaned/train/mask/AFIO_IM001749_mask.png
37,IM001750_mask.png,AFIO,Mask,1024,1024,../data/uncleaned/train/mask/AFIO_IM001750_mask.png
38,IM001791_mask.png,AFIO,Mask,1024,1024,../data/uncleaned/train/mask/AFIO_IM001791_mask.png
39,IM001792_mask.png,AFIO,Mask,1024,1024,../data/uncleaned/train/mask/AFIO_IM001792_mask.png
40,IM001814_mask.png,AFIO,Mask,1024,1024,../data/uncleaned/train/mask/AFIO_IM001814_mask.png
41,IM001858_mask.png,AFIO,Mask,1024,1024,../data/uncleaned/train/mask/AFIO_IM001858_mask.png
42,IM001859_mask.png,AFIO,Mask,1024,1024,../data/uncleaned/train/mask/AFIO_IM001859_mask.png
43,IM002094_mask.png,AFIO,Mask,1024,1024,../data/uncleaned/train/mask/AFIO_IM002094_mask.png
44,IM002348_mask.png,AFIO,Mask,1024,1024,../data/uncleaned/train/mask/AFIO_IM002348_mask.png
45,IM002350_mask.png,AFIO,Mask,1024,1024,../data/uncleaned/train/mask/AFIO_IM002350_mask.png
46,IM002421_mask.png,AFIO,Mask,1024,1024,../data/uncleaned/train/mask/AFIO_IM002421_mask.png
47,IM002422_mask.png,AFIO,Mask,1024,1024,../data/uncleaned/train/mask/AFIO_IM002422_mask.png
48,IM002471_mask.png,AFIO,Mask,1024,1024,../data/uncleaned/train/mask/AFIO_IM002471_mask.png
49,IM002587_mask.png,AFIO,Mask,1024,1024,../data/uncleaned/train/mask/AFIO_IM002587_mask.png
50,(0001)aria_d_26_mask.png,ARIA,Mask,1024,1024,../data/uncleaned/train/mask/ARIA_(0001)aria_d_26_mask.png
51,(0001)aria_d_27_mask.png,ARIA,Mask,1024,1024,../data/uncleaned/train/mask/ARIA_(0001)aria_d_27_mask.png
52,(0003)aria_d_29_mask.png,ARIA,Mask,1024,1024,../data/uncleaned/train/mask/ARIA_(0003)aria_d_29_mask.png
53,(0004)aria_d_28_mask.png,ARIA,Mask,1024,1024,../data/uncleaned/train/mask/ARIA_(0004)aria_d_28_mask.png
54,(0007)aria_d_28_mask.png,ARIA,Mask,1024,1024,../data/uncleaned/train/mask/ARIA_(0007)aria_d_28_mask.png
55,(0018)aria_d_26_mask.png,ARIA,Mask,1024,1024,../data/uncleaned/train/mask/ARIA_(0018)aria_d_26_mask.png
56,(0024)aria_d_30_mask.png,ARIA,Mask,1024,1024,../data/uncleaned/train/mask/ARIA_(0024)aria_d_30_mask.png
57,(0026)aria_d_27_mask.png,ARIA,Mask,1024,1024,../data/uncleaned/train/mask/ARIA_(0026)aria_d_27_mask.png
58,(0031)aria_c_37_mask.png,ARIA,Mask,1024,1024,../data/uncleaned/train/mask/ARIA_(0031)aria_c_37_mask.png
59,aria_a_10_10_mask.png,ARIA,Mask,1024,1024,../data/uncleaned/train/mask/ARIA_aria_a_10_10_mask.png
60,aria_a_10_27_mask.png,ARIA,Mask,1024,1024,../data/uncleaned/train/mask/ARIA_aria_a_10_27_mask.png
61,aria_a_11_30_mask.png,ARIA,Mask,1024,1024,../data/uncleaned/train/mask/ARIA_aria_a_11_30_mask.png
62,aria_a_11_6_mask.png,ARIA,Mask,1024,1024,../data/uncleaned/train/mask/ARIA_aria_a_11_6_mask.png
63,aria_a_12_15_mask.png,ARIA,Mask,1024,1024,../data/uncleaned/train/mask/ARIA_aria_a_12_15_mask.png
64,aria_a_12_34_mask.png,ARIA,Mask,1024,1024,../data/uncleaned/train/mask/ARIA_aria_a_12_34_mask.png
65,aria_a_13_22_mask.png,ARIA,Mask,1024,1024,../data/uncleaned/train/mask/ARIA_aria_a_13_22_mask.png
66,aria_a_13_2_mask.png,ARIA,Mask,1024,1024,../data/uncleaned/train/mask/ARIA_aria_a_13_2_mask.png
67,aria_a_14_11_mask.png,ARIA,Mask,1024,1024,../data/uncleaned/train/mask/ARIA_aria_a_14_11_mask.png
68,aria_a_14_19_mask.png,ARIA,Mask,1024,1024,../data/uncleaned/train/mask/ARIA_aria_a_14_19_mask.png
69,aria_a_15_35_mask.png,ARIA,Mask,1024,1024,../data/uncleaned/train/mask/ARIA_aria_a_15_35_mask.png
70,aria_a_18_23_mask.png,ARIA,Mask,1024,1024,../data/uncleaned/train/mask/ARIA_aria_a_18_23_mask.png
71,aria_a_20_6_mask.png,ARIA,Mask,1024,1024,../data/uncleaned/train/mask/ARIA_aria_a_20_6_mask.png
72,aria_a_26_10_mask.png,ARIA,Mask,1024,1024,../data/uncleaned/train/mask/ARIA_aria_a_26_10_mask.png
73,aria_a_27_11_mask.png,ARIA,Mask,1024,1024,../data/uncleaned/train/mask/ARIA_aria_a_27_11_mask.png
74,aria_a_34_6_mask.png,ARIA,Mask,1024,1024,../data/uncleaned/train/mask/ARIA_aria_a_34_6_mask.png
75,aria_a_39_1_mask.png,ARIA,Mask,1024,1024,../data/uncleaned/train/mask/ARIA_aria_a_39_1_mask.png
76,aria_a_42_1_mask.png,ARIA,Mask,1024,1024,../data/uncleaned/train/mask/ARIA_aria_a_42_1_mask.png
77,aria_a_43_9_mask.png,ARIA,Mask,1024,1024,../data/uncleaned/train/mask/ARIA_aria_a_43_9_mask.png
78,aria_a_46_14_mask.png,ARIA,Mask,1024,1024,../data/uncleaned/train/mask/ARIA_aria_a_46_14_mask.png
79,aria_a_56_1_mask.png,ARIA,Mask,1024,1024,../data/uncleaned/train/mask/ARIA_aria_a_56_1_mask.png
80,aria_a_5_9_mask.png,ARIA,Mask,1024,1024,../data/uncleaned/train/mask/ARIA_aria_a_5_9_mask.png
81,aria_a_9_43_mask.png,ARIA,Mask,1024,1024,../data/uncleaned/train/mask/ARIA_aria_a_9_43_mask.png
82,aria_c_1_7_mask.png,ARIA,Mask,1024,1024,../data/uncleaned/train/mask/ARIA_aria_c_1_7_mask.png
83,aria_c_1_8_mask.png,ARIA,Mask,1024,1024,../data/uncleaned/train/mask/ARIA_aria_c_1_8_mask.png
84,aria_c_20_10_mask.png,ARIA,Mask,1024,1024,../data/uncleaned/train/mask/ARIA_aria_c_20_10_mask.png
85,aria_c_20_18_mask.png,ARIA,Mask,1024,1024,../data/uncleaned/train/mask/ARIA_aria_c_20_18_mask.png
86,aria_c_20_1_mask.png,ARIA,Mask,1024,1024,../data/uncleaned/train/mask/ARIA_aria_c_20_1_mask.png
87,aria_c_21_12_mask.png,ARIA,Mask,1024,1024,../data/uncleaned/train/mask/ARIA_aria_c_21_12_mask.png
88,aria_c_21_3_mask.png,ARIA,Mask,1024,1024,../data/uncleaned/train/mask/ARIA_aria_c_21_3_mask.png
89,aria_c_22_1_mask.png,ARIA,Mask,1024,1024,../data/uncleaned/train/mask/ARIA_aria_c_22_1_mask.png
90,aria_c_22_9_mask.png,ARIA,Mask,1024,1024,../data/uncleaned/train/mask/ARIA_aria_c_22_9_mask.png
91,aria_c_23_23_mask.png,ARIA,Mask,1024,1024,../data/uncleaned/train/mask/ARIA_aria_c_23_23_mask.png
92,aria_c_23_4_mask.png,ARIA,Mask,1024,1024,../data/uncleaned/train/mask/ARIA_aria_c_23_4_mask.png
93,aria_c_24_12_mask.png,ARIA,Mask,1024,1024,../data/uncleaned/train/mask/ARIA_aria_c_24_12_mask.png
94,aria_c_24_2_mask.png,ARIA,Mask,1024,1024,../data/uncleaned/train/mask/ARIA_aria_c_24_2_mask.png
95,aria_c_25_10_mask.png,ARIA,Mask,1024,1024,../data/uncleaned/train/mask/ARIA_aria_c_25_10_mask.png
96,aria_c_25_1_mask.png,ARIA,Mask,1024,1024,../data/uncleaned/train/mask/ARIA_aria_c_25_1_mask.png
97,aria_c_26_15_mask.png,ARIA,Mask,1024,1024,../data/uncleaned/train/mask/ARIA_aria_c_26_15_mask.png
98,aria_c_26_2_mask.png,ARIA,Mask,1024,1024,../data/uncleaned/train/mask/ARIA_aria_c_26_2_mask.png
99,aria_c_27_3_mask.png,ARIA,Mask,1024,1024,../data/uncleaned/train/mask/ARIA_aria_c_27_3_mask.png
100,aria_c_28_19_mask.png,ARIA,Mask,1024,1024,../data/uncleaned/train/mask/ARIA_aria_c_28_19_mask.png
101,aria_c_29_2_mask.png,ARIA,Mask,1024,1024,../data/uncleaned/train/mask/ARIA_aria_c_29_2_mask.png
102,aria_c_2_2_mask.png,ARIA,Mask,1024,1024,../data/uncleaned/train/mask/ARIA_aria_c_2_2_mask.png
103,aria_c_2_3_mask.png,ARIA,Mask,1024,1024,../data/uncleaned/train/mask/ARIA_aria_c_2_3_mask.png
104,aria_c_2_8_mask.png,ARIA,Mask,1024,1024,../data/uncleaned/train/mask/ARIA_aria_c_2_8_mask.png
105,aria_c_30_2_mask.png,ARIA,Mask,1024,1024,../data/uncleaned/train/mask/ARIA_aria_c_30_2_mask.png
106,aria_c_31_20_mask.png,ARIA,Mask,1024,1024,../data/uncleaned/train/mask/ARIA_aria_c_31_20_mask.png
107,aria_c_31_2_mask.png,ARIA,Mask,1024,1024,../data/uncleaned/train/mask/ARIA_aria_c_31_2_mask.png
108,aria_c_32_21_mask.png,ARIA,Mask,1024,1024,../data/uncleaned/train/mask/ARIA_aria_c_32_21_mask.png
109,aria_c_32_2_mask.png,ARIA,Mask,1024,1024,../data/uncleaned/train/mask/ARIA_aria_c_32_2_mask.png
110,aria_c_3_2_mask.png,ARIA,Mask,1024,1024,../data/uncleaned/train/mask/ARIA_aria_c_3_2_mask.png
111,aria_c_4_1_mask.png,ARIA,Mask,1024,1024,../data/uncleaned/train/mask/ARIA_aria_c_4_1_mask.png
112,aria_c_4_8_mask.png,ARIA,Mask,1024,1024,../data/uncleaned/train/mask/ARIA_aria_c_4_8_mask.png
113,aria_c_5_1_mask.png,ARIA,Mask,1024,1024,../data/uncleaned/train/mask/ARIA_aria_c_5_1_mask.png
114,aria_c_5_4_mask.png,ARIA,Mask,1024,1024,../data/uncleaned/train/mask/ARIA_aria_c_5_4_mask.png
115,aria_c_6_2_mask.png,ARIA,Mask,1024,1024,../data/uncleaned/train/mask/ARIA_aria_c_6_2_mask.png
116,aria_c_6_5_mask.png,ARIA,Mask,1024,1024,../data/uncleaned/train/mask/ARIA_aria_c_6_5_mask.png
117,aria_c_7_2_mask.png,ARIA,Mask,1024,1024,../data/uncleaned/train/mask/ARIA_aria_c_7_2_mask.png
118,aria_c_9_1_mask.png,ARIA,Mask,1024,1024,../data/uncleaned/train/mask/ARIA_aria_c_9_1_mask.png
119,aria_c_9_6_mask.png,ARIA,Mask,1024,1024,../data/uncleaned/train/mask/ARIA_aria_c_9_6_mask.png
120,Image_01L_mask.png,CHASEDB1,Mask,1024,1024,../data/uncleaned/train/mask/CHASEDB1_Image_01L_mask.png
121,Image_01R_mask.png,CHASEDB1,Mask,1024,1024,../data/uncleaned/train/mask/CHASEDB1_Image_01R_mask.png
122,Image_02L_mask.png,CHASEDB1,Mask,1024,1024,../data/uncleaned/train/mask/CHASEDB1_Image_02L_mask.png
123,Image_02R_mask.png,CHASEDB1,Mask,1024,1024,../data/uncleaned/train/mask/CHASEDB1_Image_02R_mask.png
124,Image_03L_mask.png,CHASEDB1,Mask,1024,1024,../data/uncleaned/train/mask/CHASEDB1_Image_03L_mask.png
125,Image_03R_mask.png,CHASEDB1,Mask,1024,1024,../data/uncleaned/train/mask/CHASEDB1_Image_03R_mask.png
126,Image_04L_mask.png,CHASEDB1,Mask,1024,1024,../data/uncleaned/train/mask/CHASEDB1_Image_04L_mask.png
127,Image_04R_mask.png,CHASEDB1,Mask,1024,1024,../data/uncleaned/train/mask/CHASEDB1_Image_04R_mask.png
128,Image_05L_mask.png,CHASEDB1,Mask,1024,1024,../data/uncleaned/train/mask/CHASEDB1_Image_05L_mask.png
129,Image_05R_mask.png,CHASEDB1,Mask,1024,1024,../data/uncleaned/train/mask/CHASEDB1_Image_05R_mask.png
130,Image_06L_mask.png,CHASEDB1,Mask,1024,1024,../data/uncleaned/train/mask/CHASEDB1_Image_06L_mask.png
131,Image_06R_mask.png,CHASEDB1,Mask,1024,1024,../data/uncleaned/train/mask/CHASEDB1_Image_06R_mask.png
132,Image_07L_mask.png,CHASEDB1,Mask,1024,1024,../data/uncleaned/train/mask/CHASEDB1_Image_07L_mask.png
133,Image_07R_mask.png,CHASEDB1,Mask,1024,1024,../data/uncleaned/train/mask/CHASEDB1_Image_07R_mask.png
134,11_mask.png,DRHAGIS,Mask,1024,1024,../data/uncleaned/train/mask/DRHAGIS_11_mask.png
135,12_mask.png,DRHAGIS,Mask,1024,1024,../data/uncleaned/train/mask/DRHAGIS_12_mask.png
136,13_mask.png,DRHAGIS,Mask,1024,1024,../data/uncleaned/train/mask/DRHAGIS_13_mask.png
137,14_mask.png,DRHAGIS,Mask,1024,1024,../data/uncleaned/train/mask/DRHAGIS_14_mask.png
138,15_mask.png,DRHAGIS,Mask,1024,1024,../data/uncleaned/train/mask/DRHAGIS_15_mask.png
139,1_mask.png,DRHAGIS,Mask,1024,1024,../data/uncleaned/train/mask/DRHAGIS_1_mask.png
140,21_mask.png,DRHAGIS,Mask,1024,1024,../data/uncleaned/train/mask/DRHAGIS_21_mask.png
141,22_mask.png,DRHAGIS,Mask,1024,1024,../data/uncleaned/train/mask/DRHAGIS_22_mask.png
142,23_mask.png,DRHAGIS,Mask,1024,1024,../data/uncleaned/train/mask/DRHAGIS_23_mask.png
143,24_mask.png,DRHAGIS,Mask,1024,1024,../data/uncleaned/train/mask/DRHAGIS_24_mask.png
144,25_mask.png,DRHAGIS,Mask,1024,1024,../data/uncleaned/train/mask/DRHAGIS_25_mask.png
145,2_mask.png,DRHAGIS,Mask,1024,1024,../data/uncleaned/train/mask/DRHAGIS_2_mask.png
146,31_mask.png,DRHAGIS,Mask,1024,1024,../data/uncleaned/train/mask/DRHAGIS_31_mask.png
147,32_mask.png,DRHAGIS,Mask,1024,1024,../data/uncleaned/train/mask/DRHAGIS_32_mask.png
148,33_mask.png,DRHAGIS,Mask,1024,1024,../data/uncleaned/train/mask/DRHAGIS_33_mask.png
149,34_mask.png,DRHAGIS,Mask,1024,1024,../data/uncleaned/train/mask/DRHAGIS_34_mask.png
150,35_mask.png,DRHAGIS,Mask,1024,1024,../data/uncleaned/train/mask/DRHAGIS_35_mask.png
151,3_mask.png,DRHAGIS,Mask,1024,1024,../data/uncleaned/train/mask/DRHAGIS_3_mask.png
152,4_mask.png,DRHAGIS,Mask,1024,1024,../data/uncleaned/train/mask/DRHAGIS_4_mask.png
153,5_mask.png,DRHAGIS,Mask,1024,1024,../data/uncleaned/train/mask/DRHAGIS_5_mask.png
154,21_training_mask.png,DRIVE,Mask,1024,1024,../data/uncleaned/train/mask/DRIVE_21_training_mask.png
155,22_training_mask.png,DRIVE,Mask,1024,1024,../data/uncleaned/train/mask/DRIVE_22_training_mask.png
156,23_training_mask.png,DRIVE,Mask,1024,1024,../data/uncleaned/train/mask/DRIVE_23_training_mask.png
157,24_training_mask.png,DRIVE,Mask,1024,1024,../data/uncleaned/train/mask/DRIVE_24_training_mask.png
158,25_training_mask.png,DRIVE,Mask,1024,1024,../data/uncleaned/train/mask/DRIVE_25_training_mask.png
159,26_training_mask.png,DRIVE,Mask,1024,1024,../data/uncleaned/train/mask/DRIVE_26_training_mask.png
160,27_training_mask.png,DRIVE,Mask,1024,1024,../data/uncleaned/train/mask/DRIVE_27_training_mask.png
161,28_training_mask.png,DRIVE,Mask,1024,1024,../data/uncleaned/train/mask/DRIVE_28_training_mask.png
162,29_training_mask.png,DRIVE,Mask,1024,1024,../data/uncleaned/train/mask/DRIVE_29_training_mask.png
163,30_training_mask.png,DRIVE,Mask,1024,1024,../data/uncleaned/train/mask/DRIVE_30_training_mask.png
164,31_training_mask.png,DRIVE,Mask,1024,1024,../data/uncleaned/train/mask/DRIVE_31_training_mask.png
165,32_training_mask.png,DRIVE,Mask,1024,1024,../data/uncleaned/train/mask/DRIVE_32_training_mask.png
166,33_training_mask.png,DRIVE,Mask,1024,1024,../data/uncleaned/train/mask/DRIVE_33_training_mask.png
167,34_training_mask.png,DRIVE,Mask,1024,1024,../data/uncleaned/train/mask/DRIVE_34_training_mask.png
168,35_training_mask.png,DRIVE,Mask,1024,1024,../data/uncleaned/train/mask/DRIVE_35_training_mask.png
169,36_training_mask.png,DRIVE,Mask,1024,1024,../data/uncleaned/train/mask/DRIVE_36_training_mask.png
170,37_training_mask.png,DRIVE,Mask,1024,1024,../data/uncleaned/train/mask/DRIVE_37_training_mask.png
171,38_training_mask.png,DRIVE,Mask,1024,1024,../data/uncleaned/train/mask/DRIVE_38_training_mask.png
172,39_training_mask.png,DRIVE,Mask,1024,1024,../data/uncleaned/train/mask/DRIVE_39_training_mask.png
173,40_training_mask.png,DRIVE,Mask,1024,1024,../data/uncleaned/train/mask/DRIVE_40_training_mask.png
174,A1_L4_mask.png,DualModal2019,Mask,1024,1024,../data/uncleaned/train/mask/DualModal2019_A1_L4_mask.png
175,A1_R2_mask.png,DualModal2019,Mask,1024,1024,../data/uncleaned/train/mask/DualModal2019_A1_R2_mask.png
176,A2_R2_mask.png,DualModal2019,Mask,1024,1024,../data/uncleaned/train/mask/DualModal2019_A2_R2_mask.png
177,A3_L1_mask.png,DualModal2019,Mask,1024,1024,../data/uncleaned/train/mask/DualModal2019_A3_L1_mask.png
178,A3_R1_mask.png,DualModal2019,Mask,1024,1024,../data/uncleaned/train/mask/DualModal2019_A3_R1_mask.png
179,A4_L3_mask.png,DualModal2019,Mask,1024,1024,../data/uncleaned/train/mask/DualModal2019_A4_L3_mask.png
180,A4_R2_mask.png,DualModal2019,Mask,1024,1024,../data/uncleaned/train/mask/DualModal2019_A4_R2_mask.png
181,A5_R4_mask.png,DualModal2019,Mask,1024,1024,../data/uncleaned/train/mask/DualModal2019_A5_R4_mask.png
182,A6_L2_mask.png,DualModal2019,Mask,1024,1024,../data/uncleaned/train/mask/DualModal2019_A6_L2_mask.png
183,A6_R3_mask.png,DualModal2019,Mask,1024,1024,../data/uncleaned/train/mask/DualModal2019_A6_R3_mask.png
184,A7_L1_mask.png,DualModal2019,Mask,1024,1024,../data/uncleaned/train/mask/DualModal2019_A7_L1_mask.png
185,A7_R1_mask.png,DualModal2019,Mask,1024,1024,../data/uncleaned/train/mask/DualModal2019_A7_R1_mask.png
186,C1_L4_mask.png,DualModal2019,Mask,1024,1024,../data/uncleaned/train/mask/DualModal2019_C1_L4_mask.png
187,C1_R4_mask.png,DualModal2019,Mask,1024,1024,../data/uncleaned/train/mask/DualModal2019_C1_R4_mask.png
188,C2_L4_mask.png,DualModal2019,Mask,1024,1024,../data/uncleaned/train/mask/DualModal2019_C2_L4_mask.png
189,C2_R3_mask.png,DualModal2019,Mask,1024,1024,../data/uncleaned/train/mask/DualModal2019_C2_R3_mask.png
190,C3_L1_mask.png,DualModal2019,Mask,1024,1024,../data/uncleaned/train/mask/DualModal2019_C3_L1_mask.png
191,C3_R1_mask.png,DualModal2019,Mask,1024,1024,../data/uncleaned/train/mask/DualModal2019_C3_R1_mask.png
192,C4_L2_mask.png,DualModal2019,Mask,1024,1024,../data/uncleaned/train/mask/DualModal2019_C4_L2_mask.png
193,C4_R2_mask.png,DualModal2019,Mask,1024,1024,../data/uncleaned/train/mask/DualModal2019_C4_R2_mask.png
194,C5_L1_mask.png,DualModal2019,Mask,1024,1024,../data/uncleaned/train/mask/DualModal2019_C5_L1_mask.png
195,C5_R1_mask.png,DualModal2019,Mask,1024,1024,../data/uncleaned/train/mask/DualModal2019_C5_R1_mask.png
196,C6_L2_mask.png,DualModal2019,Mask,1024,1024,../data/uncleaned/train/mask/DualModal2019_C6_L2_mask.png
197,C6_R2_mask.png,DualModal2019,Mask,1024,1024,../data/uncleaned/train/mask/DualModal2019_C6_R2_mask.png
198,01_dr_mask.png,HRF,Mask,1024,1024,../data/uncleaned/train/mask/HRF_01_dr_mask.png
199,01_g_mask.png,HRF,Mask,1024,1024,../data/uncleaned/train/mask/HRF_01_g_mask.png
200,01_h_mask.png,HRF,Mask,1024,1024,../data/uncleaned/train/mask/HRF_01_h_mask.png
201,02_dr_mask.png,HRF,Mask,1024,1024,../data/uncleaned/train/mask/HRF_02_dr_mask.png
202,02_g_mask.png,HRF,Mask,1024,1024,../data/uncleaned/train/mask/HRF_02_g_mask.png
203,02_h_mask.png,HRF,Mask,1024,1024,../data/uncleaned/train/mask/HRF_02_h_mask.png
204,03_dr_mask.png,HRF,Mask,1024,1024,../data/uncleaned/train/mask/HRF_03_dr_mask.png
205,03_g_mask.png,HRF,Mask,1024,1024,../data/uncleaned/train/mask/HRF_03_g_mask.png
206,03_h_mask.png,HRF,Mask,1024,1024,../data/uncleaned/train/mask/HRF_03_h_mask.png
207,04_dr_mask.png,HRF,Mask,1024,1024,../data/uncleaned/train/mask/HRF_04_dr_mask.png
208,04_g_mask.png,HRF,Mask,1024,1024,../data/uncleaned/train/mask/HRF_04_g_mask.png
209,04_h_mask.png,HRF,Mask,1024,1024,../data/uncleaned/train/mask/HRF_04_h_mask.png
210,05_dr_mask.png,HRF,Mask,1024,1024,../data/uncleaned/train/mask/HRF_05_dr_mask.png
211,05_g_mask.png,HRF,Mask,1024,1024,../data/uncleaned/train/mask/HRF_05_g_mask.png
212,05_h_mask.png,HRF,Mask,1024,1024,../data/uncleaned/train/mask/HRF_05_h_mask.png
213,111_mask.png,LES-AV,Mask,1024,1024,../data/uncleaned/train/mask/LES-AV_111_mask.png
214,119_mask.png,LES-AV,Mask,1024,1024,../data/uncleaned/train/mask/LES-AV_119_mask.png
215,12_mask.png,LES-AV,Mask,1024,1024,../data/uncleaned/train/mask/LES-AV_12_mask.png
216,15_mask.png,LES-AV,Mask,1024,1024,../data/uncleaned/train/mask/LES-AV_15_mask.png
217,33_mask.png,LES-AV,Mask,1024,1024,../data/uncleaned/train/mask/LES-AV_33_mask.png
218,34_mask.png,LES-AV,Mask,1024,1024,../data/uncleaned/train/mask/LES-AV_34_mask.png
219,37_mask.png,LES-AV,Mask,1024,1024,../data/uncleaned/train/mask/LES-AV_37_mask.png
220,42_mask.png,LES-AV,Mask,1024,1024,../data/uncleaned/train/mask/LES-AV_42_mask.png
221,49_mask.png,LES-AV,Mask,1024,1024,../data/uncleaned/train/mask/LES-AV_49_mask.png
222,53_mask.png,LES-AV,Mask,1024,1024,../data/uncleaned/train/mask/LES-AV_53_mask.png
223,90_mask.png,LES-AV,Mask,1024,1024,../data/uncleaned/train/mask/LES-AV_90_mask.png
224,2012_mask.png,ORVS,Mask,1024,1024,../data/uncleaned/train/mask/ORVS_2012_mask.png
225,2013_mask.png,ORVS,Mask,1024,1024,../data/uncleaned/train/mask/ORVS_2013_mask.png
226,2015_mask.png,ORVS,Mask,1024,1024,../data/uncleaned/train/mask/ORVS_2015_mask.png
227,2017_mask.png,ORVS,Mask,1024,1024,../data/uncleaned/train/mask/ORVS_2017_mask.png
228,2020_mask.png,ORVS,Mask,1024,1024,../data/uncleaned/train/mask/ORVS_2020_mask.png
229,2022_mask.png,ORVS,Mask,1024,1024,../data/uncleaned/train/mask/ORVS_2022_mask.png
230,2023_mask.png,ORVS,Mask,1024,1024,../data/uncleaned/train/mask/ORVS_2023_mask.png
231,2026_mask.png,ORVS,Mask,1024,1024,../data/uncleaned/train/mask/ORVS_2026_mask.png
232,2027_mask.png,ORVS,Mask,1024,1024,../data/uncleaned/train/mask/ORVS_2027_mask.png
233,2028_mask.png,ORVS,Mask,1024,1024,../data/uncleaned/train/mask/ORVS_2028_mask.png
234,2029_mask.png,ORVS,Mask,1024,1024,../data/uncleaned/train/mask/ORVS_2029_mask.png
235,2030_mask.png,ORVS,Mask,1024,1024,../data/uncleaned/train/mask/ORVS_2030_mask.png
236,2031_mask.png,ORVS,Mask,1024,1024,../data/uncleaned/train/mask/ORVS_2031_mask.png
237,2032_mask.png,ORVS,Mask,1024,1024,../data/uncleaned/train/mask/ORVS_2032_mask.png
238,2033_mask.png,ORVS,Mask,1024,1024,../data/uncleaned/train/mask/ORVS_2033_mask.png
239,2036_mask.png,ORVS,Mask,1024,1024,../data/uncleaned/train/mask/ORVS_2036_mask.png
240,2039_mask.png,ORVS,Mask,1024,1024,../data/uncleaned/train/mask/ORVS_2039_mask.png
241,2040_mask.png,ORVS,Mask,1024,1024,../data/uncleaned/train/mask/ORVS_2040_mask.png
242,2041_mask.png,ORVS,Mask,1024,1024,../data/uncleaned/train/mask/ORVS_2041_mask.png
243,2042_mask.png,ORVS,Mask,1024,1024,../data/uncleaned/train/mask/ORVS_2042_mask.png
244,2043_mask.png,ORVS,Mask,1024,1024,../data/uncleaned/train/mask/ORVS_2043_mask.png
245,2044_mask.png,ORVS,Mask,1024,1024,../data/uncleaned/train/mask/ORVS_2044_mask.png
246,2046_mask.png,ORVS,Mask,1024,1024,../data/uncleaned/train/mask/ORVS_2046_mask.png
247,2047_mask.png,ORVS,Mask,1024,1024,../data/uncleaned/train/mask/ORVS_2047_mask.png
248,2048_mask.png,ORVS,Mask,1024,1024,../data/uncleaned/train/mask/ORVS_2048_mask.png
249,2049_mask.png,ORVS,Mask,1024,1024,../data/uncleaned/train/mask/ORVS_2049_mask.png
250,2050_mask.png,ORVS,Mask,1024,1024,../data/uncleaned/train/mask/ORVS_2050_mask.png
251,2052_mask.png,ORVS,Mask,1024,1024,../data/uncleaned/train/mask/ORVS_2052_mask.png
252,2053_mask.png,ORVS,Mask,1024,1024,../data/uncleaned/train/mask/ORVS_2053_mask.png
253,2060_mask.png,ORVS,Mask,1024,1024,../data/uncleaned/train/mask/ORVS_2060_mask.png
254,2061_mask.png,ORVS,Mask,1024,1024,../data/uncleaned/train/mask/ORVS_2061_mask.png
255,2062_mask.png,ORVS,Mask,1024,1024,../data/uncleaned/train/mask/ORVS_2062_mask.png
256,2063_mask.png,ORVS,Mask,1024,1024,../data/uncleaned/train/mask/ORVS_2063_mask.png
257,2110_mask.png,ORVS,Mask,1024,1024,../data/uncleaned/train/mask/ORVS_2110_mask.png
258,2111_mask.png,ORVS,Mask,1024,1024,../data/uncleaned/train/mask/ORVS_2111_mask.png
259,2112_mask.png,ORVS,Mask,1024,1024,../data/uncleaned/train/mask/ORVS_2112_mask.png
260,2113_mask.png,ORVS,Mask,1024,1024,../data/uncleaned/train/mask/ORVS_2113_mask.png
261,2114_mask.png,ORVS,Mask,1024,1024,../data/uncleaned/train/mask/ORVS_2114_mask.png
262,2115_mask.png,ORVS,Mask,1024,1024,../data/uncleaned/train/mask/ORVS_2115_mask.png
263,2116_mask.png,ORVS,Mask,1024,1024,../data/uncleaned/train/mask/ORVS_2116_mask.png
264,2117_mask.png,ORVS,Mask,1024,1024,../data/uncleaned/train/mask/ORVS_2117_mask.png
265,im0001_mask.png,STARE,Mask,1024,1024,../data/uncleaned/train/mask/STARE_im0001_mask.png
266,im0002_mask.png,STARE,Mask,1024,1024,../data/uncleaned/train/mask/STARE_im0002_mask.png
267,im0003_mask.png,STARE,Mask,1024,1024,../data/uncleaned/train/mask/STARE_im0003_mask.png
268,im0004_mask.png,STARE,Mask,1024,1024,../data/uncleaned/train/mask/STARE_im0004_mask.png
269,im0005_mask.png,STARE,Mask,1024,1024,../data/uncleaned/train/mask/STARE_im0005_mask.png
270,im0044_mask.png,STARE,Mask,1024,1024,../data/uncleaned/train/mask/STARE_im0044_mask.png
271,im0048_mask.png,STARE,Mask,1024,1024,../data/uncleaned/train/mask/STARE_im0048_mask.png
272,im0075_mask.png,STARE,Mask,1024,1024,../data/uncleaned/train/mask/STARE_im0075_mask.png
273,im0077_mask.png,STARE,Mask,1024,1024,../data/uncleaned/train/mask/STARE_im0077_mask.png
274,im0081_mask.png,STARE,Mask,1024,1024,../data/uncleaned/train/mask/STARE_im0081_mask.png
275,im0082_mask.png,STARE,Mask,1024,1024,../data/uncleaned/train/mask/STARE_im0082_mask.png
276,im0085_mask.png,STARE,Mask,1024,1024,../data/uncleaned/train/mask/STARE_im0085_mask.png
277,im0087_mask.png,STARE,Mask,1024,1024,../data/uncleaned/train/mask/STARE_im0087_mask.png
278,im0090_mask.png,STARE,Mask,1024,1024,../data/uncleaned/train/mask/STARE_im0090_mask.png
279,im0139_mask.png,STARE,Mask,1024,1024,../data/uncleaned/train/mask/STARE_im0139_mask.png
280,im0162_mask.png,STARE,Mask,1024,1024,../data/uncleaned/train/mask/STARE_im0162_mask.png
281,im0163_mask.png,STARE,Mask,1024,1024,../data/uncleaned/train/mask/STARE_im0163_mask.png
282,im0179_mask.png,STARE,Mask,1024,1024,../data/uncleaned/train/mask/STARE_im0179_mask.png
283,im0204_mask.png,STARE,Mask,1024,1024,../data/uncleaned/train/mask/STARE_im0204_mask.png
284,im0220_mask.png,STARE,Mask,1024,1024,../data/uncleaned/train/mask/STARE_im0220_mask.png
285,10_L_mask.png,TREND,Mask,1024,1024,../data/uncleaned/train/mask/TREND_10_L_mask.png
286,10_R_mask.png,TREND,Mask,1024,1024,../data/uncleaned/train/mask/TREND_10_R_mask.png
287,11_L_mask.png,TREND,Mask,1024,1024,../data/uncleaned/train/mask/TREND_11_L_mask.png
288,11_R_mask.png,TREND,Mask,1024,1024,../data/uncleaned/train/mask/TREND_11_R_mask.png
289,13_L_mask.png,TREND,Mask,1024,1024,../data/uncleaned/train/mask/TREND_13_L_mask.png
290,13_R_mask.png,TREND,Mask,1024,1024,../data/uncleaned/train/mask/TREND_13_R_mask.png
291,14_L_mask.png,TREND,Mask,1024,1024,../data/uncleaned/train/mask/TREND_14_L_mask.png
292,14_R_mask.png,TREND,Mask,1024,1024,../data/uncleaned/train/mask/TREND_14_R_mask.png
293,15_L_mask.png,TREND,Mask,1024,1024,../data/uncleaned/train/mask/TREND_15_L_mask.png
294,15_R_mask.png,TREND,Mask,1024,1024,../data/uncleaned/train/mask/TREND_15_R_mask.png
295,16_L_mask.png,TREND,Mask,1024,1024,../data/uncleaned/train/mask/TREND_16_L_mask.png
296,16_R_mask.png,TREND,Mask,1024,1024,../data/uncleaned/train/mask/TREND_16_R_mask.png
297,17_L_mask.png,TREND,Mask,1024,1024,../data/uncleaned/train/mask/TREND_17_L_mask.png
298,17_R_mask.png,TREND,Mask,1024,1024,../data/uncleaned/train/mask/TREND_17_R_mask.png
299,19_R_mask.png,TREND,Mask,1024,1024,../data/uncleaned/train/mask/TREND_19_R_mask.png
300,1_L_mask.png,TREND,Mask,1024,1024,../data/uncleaned/train/mask/TREND_1_L_mask.png
301,1_R_mask.png,TREND,Mask,1024,1024,../data/uncleaned/train/mask/TREND_1_R_mask.png
302,20_L_mask.png,TREND,Mask,1024,1024,../data/uncleaned/train/mask/TREND_20_L_mask.png
303,20_R_mask.png,TREND,Mask,1024,1024,../data/uncleaned/train/mask/TREND_20_R_mask.png
304,22_L_mask.png,TREND,Mask,1024,1024,../data/uncleaned/train/mask/TREND_22_L_mask.png
305,22_R_mask.png,TREND,Mask,1024,1024,../data/uncleaned/train/mask/TREND_22_R_mask.png
306,23_R_mask.png,TREND,Mask,1024,1024,../data/uncleaned/train/mask/TREND_23_R_mask.png
307,24_L_mask.png,TREND,Mask,1024,1024,../data/uncleaned/train/mask/TREND_24_L_mask.png
308,2_L_mask.png,TREND,Mask,1024,1024,../data/uncleaned/train/mask/TREND_2_L_mask.png
309,2_R_mask.png,TREND,Mask,1024,1024,../data/uncleaned/train/mask/TREND_2_R_mask.png
310,3_L_mask.png,TREND,Mask,1024,1024,../data/uncleaned/train/mask/TREND_3_L_mask.png
311,3_R_mask.png,TREND,Mask,1024,1024,../data/uncleaned/train/mask/TREND_3_R_mask.png
312,4_L_mask.png,TREND,Mask,1024,1024,../data/uncleaned/train/mask/TREND_4_L_mask.png
313,4_R_mask.png,TREND,Mask,1024,1024,../data/uncleaned/train/mask/TREND_4_R_mask.png
314,5_L_mask.png,TREND,Mask,1024,1024,../data/uncleaned/train/mask/TREND_5_L_mask.png
315,5_R_mask.png,TREND,Mask,1024,1024,../data/uncleaned/train/mask/TREND_5_R_mask.png
316,6_R_mask.png,TREND,Mask,1024,1024,../data/uncleaned/train/mask/TREND_6_R_mask.png
317,7_L_mask.png,TREND,Mask,1024,1024,../data/uncleaned/train/mask/TREND_7_L_mask.png
318,8_L_mask.png,TREND,Mask,1024,1024,../data/uncleaned/train/mask/TREND_8_L_mask.png
319,8_R_mask.png,TREND,Mask,1024,1024,../data/uncleaned/train/mask/TREND_8_R_mask.png
320,9_R_mask.png,TREND,Mask,1024,1024,../data/uncleaned/train/mask/TREND_9_R_mask.png
321,N10C_L_mask.png,TREND,Mask,1024,1024,../data/uncleaned/train/mask/TREND_N10C_L_mask.png
322,N3C_R_mask.png,TREND,Mask,1024,1024,../data/uncleaned/train/mask/TREND_N3C_R_mask.png
323,N4C_L_mask.png,TREND,Mask,1024,1024,../data/uncleaned/train/mask/TREND_N4C_L_mask.png
324,N5C_R_mask.png,TREND,Mask,1024,1024,../data/uncleaned/train/mask/TREND_N5C_R_mask.png
325,N9C_R_mask.png,TREND,Mask,1024,1024,../data/uncleaned/train/mask/TREND_N9C_R_mask.png
326,100_mask.png,UoA-DR,Mask,1024,1024,../data/uncleaned/train/mask/UoA-DR_100_mask.png
327,101_mask.png,UoA-DR,Mask,1024,1024,../data/uncleaned/train/mask/UoA-DR_101_mask.png
328,102_mask.png,UoA-DR,Mask,1024,1024,../data/uncleaned/train/mask/UoA-DR_102_mask.png
329,103_mask.png,UoA-DR,Mask,1024,1024,../data/uncleaned/train/mask/UoA-DR_103_mask.png
330,104_mask.png,UoA-DR,Mask,1024,1024,../data/uncleaned/train/mask/UoA-DR_104_mask.png
331,105_mask.png,UoA-DR,Mask,1024,1024,../data/uncleaned/train/mask/UoA-DR_105_mask.png
332,106_mask.png,UoA-DR,Mask,1024,1024,../data/uncleaned/train/mask/UoA-DR_106_mask.png
333,107_mask.png,UoA-DR,Mask,1024,1024,../data/uncleaned/train/mask/UoA-DR_107_mask.png
334,108_mask.png,UoA-DR,Mask,1024,1024,../data/uncleaned/train/mask/UoA-DR_108_mask.png
335,109_mask.png,UoA-DR,Mask,1024,1024,../data/uncleaned/train/mask/UoA-DR_109_mask.png
336,10_mask.png,UoA-DR,Mask,1024,1024,../data/uncleaned/train/mask/UoA-DR_10_mask.png
337,110_mask.png,UoA-DR,Mask,1024,1024,../data/uncleaned/train/mask/UoA-DR_110_mask.png
338,111_mask.png,UoA-DR,Mask,1024,1024,../data/uncleaned/train/mask/UoA-DR_111_mask.png
339,112_mask.png,UoA-DR,Mask,1024,1024,../data/uncleaned/train/mask/UoA-DR_112_mask.png
340,113_mask.png,UoA-DR,Mask,1024,1024,../data/uncleaned/train/mask/UoA-DR_113_mask.png
341,114_mask.png,UoA-DR,Mask,1024,1024,../data/uncleaned/train/mask/UoA-DR_114_mask.png
342,115_mask.png,UoA-DR,Mask,1024,1024,../data/uncleaned/train/mask/UoA-DR_115_mask.png
343,116_mask.png,UoA-DR,Mask,1024,1024,../data/uncleaned/train/mask/UoA-DR_116_mask.png
344,117_mask.png,UoA-DR,Mask,1024,1024,../data/uncleaned/train/mask/UoA-DR_117_mask.png
345,118_mask.png,UoA-DR,Mask,1024,1024,../data/uncleaned/train/mask/UoA-DR_118_mask.png
346,119_mask.png,UoA-DR,Mask,1024,1024,../data/uncleaned/train/mask/UoA-DR_119_mask.png
347,11_mask.png,UoA-DR,Mask,1024,1024,../data/uncleaned/train/mask/UoA-DR_11_mask.png
348,120_mask.png,UoA-DR,Mask,1024,1024,../data/uncleaned/train/mask/UoA-DR_120_mask.png
349,121_mask.png,UoA-DR,Mask,1024,1024,../data/uncleaned/train/mask/UoA-DR_121_mask.png
350,122_mask.png,UoA-DR,Mask,1024,1024,../data/uncleaned/train/mask/UoA-DR_122_mask.png
351,123_mask.png,UoA-DR,Mask,1024,1024,../data/uncleaned/train/mask/UoA-DR_123_mask.png
352,124_mask.png,UoA-DR,Mask,1024,1024,../data/uncleaned/train/mask/UoA-DR_124_mask.png
353,125_mask.png,UoA-DR,Mask,1024,1024,../data/uncleaned/train/mask/UoA-DR_125_mask.png
354,126_mask.png,UoA-DR,Mask,1024,1024,../data/uncleaned/train/mask/UoA-DR_126_mask.png
355,127_mask.png,UoA-DR,Mask,1024,1024,../data/uncleaned/train/mask/UoA-DR_127_mask.png
356,128_mask.png,UoA-DR,Mask,1024,1024,../data/uncleaned/train/mask/UoA-DR_128_mask.png
357,12_mask.png,UoA-DR,Mask,1024,1024,../data/uncleaned/train/mask/UoA-DR_12_mask.png
358,131_mask.png,UoA-DR,Mask,1024,1024,../data/uncleaned/train/mask/UoA-DR_131_mask.png
359,13_mask.png,UoA-DR,Mask,1024,1024,../data/uncleaned/train/mask/UoA-DR_13_mask.png
360,14_mask.png,UoA-DR,Mask,1024,1024,../data/uncleaned/train/mask/UoA-DR_14_mask.png
361,15_mask.png,UoA-DR,Mask,1024,1024,../data/uncleaned/train/mask/UoA-DR_15_mask.png
362,167_mask.png,UoA-DR,Mask,1024,1024,../data/uncleaned/train/mask/UoA-DR_167_mask.png
363,16_mask.png,UoA-DR,Mask,1024,1024,../data/uncleaned/train/mask/UoA-DR_16_mask.png
364,176_mask.png,UoA-DR,Mask,1024,1024,../data/uncleaned/train/mask/UoA-DR_176_mask.png
365,177_mask.png,UoA-DR,Mask,1024,1024,../data/uncleaned/train/mask/UoA-DR_177_mask.png
366,178_mask.png,UoA-DR,Mask,1024,1024,../data/uncleaned/train/mask/UoA-DR_178_mask.png
367,17_mask.png,UoA-DR,Mask,1024,1024,../data/uncleaned/train/mask/UoA-DR_17_mask.png
368,182_mask.png,UoA-DR,Mask,1024,1024,../data/uncleaned/train/mask/UoA-DR_182_mask.png
369,183_mask.png,UoA-DR,Mask,1024,1024,../data/uncleaned/train/mask/UoA-DR_183_mask.png
370,184_mask.png,UoA-DR,Mask,1024,1024,../data/uncleaned/train/mask/UoA-DR_184_mask.png
371,18_mask.png,UoA-DR,Mask,1024,1024,../data/uncleaned/train/mask/UoA-DR_18_mask.png
372,19_mask.png,UoA-DR,Mask,1024,1024,../data/uncleaned/train/mask/UoA-DR_19_mask.png
373,1_mask.png,UoA-DR,Mask,1024,1024,../data/uncleaned/train/mask/UoA-DR_1_mask.png
374,20_mask.png,UoA-DR,Mask,1024,1024,../data/uncleaned/train/mask/UoA-DR_20_mask.png
375,21_mask.png,UoA-DR,Mask,1024,1024,../data/uncleaned/train/mask/UoA-DR_21_mask.png
376,22_mask.png,UoA-DR,Mask,1024,1024,../data/uncleaned/train/mask/UoA-DR_22_mask.png
377,23_mask.png,UoA-DR,Mask,1024,1024,../data/uncleaned/train/mask/UoA-DR_23_mask.png
378,24_mask.png,UoA-DR,Mask,1024,1024,../data/uncleaned/train/mask/UoA-DR_24_mask.png
379,25_mask.png,UoA-DR,Mask,1024,1024,../data/uncleaned/train/mask/UoA-DR_25_mask.png
380,26_mask.png,UoA-DR,Mask,1024,1024,../data/uncleaned/train/mask/UoA-DR_26_mask.png
381,27_mask.png,UoA-DR,Mask,1024,1024,../data/uncleaned/train/mask/UoA-DR_27_mask.png
382,28_mask.png,UoA-DR,Mask,1024,1024,../data/uncleaned/train/mask/UoA-DR_28_mask.png
383,29_mask.png,UoA-DR,Mask,1024,1024,../data/uncleaned/train/mask/UoA-DR_29_mask.png
384,2_mask.png,UoA-DR,Mask,1024,1024,../data/uncleaned/train/mask/UoA-DR_2_mask.png
385,30_mask.png,UoA-DR,Mask,1024,1024,../data/uncleaned/train/mask/UoA-DR_30_mask.png
386,31_mask.png,UoA-DR,Mask,1024,1024,../data/uncleaned/train/mask/UoA-DR_31_mask.png
387,32_mask.png,UoA-DR,Mask,1024,1024,../data/uncleaned/train/mask/UoA-DR_32_mask.png
388,33_mask.png,UoA-DR,Mask,1024,1024,../data/uncleaned/train/mask/UoA-DR_33_mask.png
389,34_mask.png,UoA-DR,Mask,1024,1024,../data/uncleaned/train/mask/UoA-DR_34_mask.png
390,35_mask.png,UoA-DR,Mask,1024,1024,../data/uncleaned/train/mask/UoA-DR_35_mask.png
391,36_mask.png,UoA-DR,Mask,1024,1024,../data/uncleaned/train/mask/UoA-DR_36_mask.png
392,37_mask.png,UoA-DR,Mask,1024,1024,../data/uncleaned/train/mask/UoA-DR_37_mask.png
393,38_mask.png,UoA-DR,Mask,1024,1024,../data/uncleaned/train/mask/UoA-DR_38_mask.png
394,39_mask.png,UoA-DR,Mask,1024,1024,../data/uncleaned/train/mask/UoA-DR_39_mask.png
395,3_mask.png,UoA-DR,Mask,1024,1024,../data/uncleaned/train/mask/UoA-DR_3_mask.png
396,40_mask.png,UoA-DR,Mask,1024,1024,../data/uncleaned/train/mask/UoA-DR_40_mask.png
397,41_mask.png,UoA-DR,Mask,1024,1024,../data/uncleaned/train/mask/UoA-DR_41_mask.png
398,42_mask.png,UoA-DR,Mask,1024,1024,../data/uncleaned/train/mask/UoA-DR_42_mask.png
399,43_mask.png,UoA-DR,Mask,1024,1024,../data/uncleaned/train/mask/UoA-DR_43_mask.png
400,44_mask.png,UoA-DR,Mask,1024,1024,../data/uncleaned/train/mask/UoA-DR_44_mask.png
401,45_mask.png,UoA-DR,Mask,1024,1024,../data/uncleaned/train/mask/UoA-DR_45_mask.png
402,46_mask.png,UoA-DR,Mask,1024,1024,../data/uncleaned/train/mask/UoA-DR_46_mask.png
403,47_mask.png,UoA-DR,Mask,1024,1024,../data/uncleaned/train/mask/UoA-DR_47_mask.png
404,48_mask.png,UoA-DR,Mask,1024,1024,../data/uncleaned/train/mask/UoA-DR_48_mask.png
405,49_mask.png,UoA-DR,Mask,1024,1024,../data/uncleaned/train/mask/UoA-DR_49_mask.png
406,4_mask.png,UoA-DR,Mask,1024,1024,../data/uncleaned/train/mask/UoA-DR_4_mask.png
407,50_mask.png,UoA-DR,Mask,1024,1024,../data/uncleaned/train/mask/UoA-DR_50_mask.png
408,51_mask.png,UoA-DR,Mask,1024,1024,../data/uncleaned/train/mask/UoA-DR_51_mask.png
409,52_mask.png,UoA-DR,Mask,1024,1024,../data/uncleaned/train/mask/UoA-DR_52_mask.png
410,53_mask.png,UoA-DR,Mask,1024,1024,../data/uncleaned/train/mask/UoA-DR_53_mask.png
411,54_mask.png,UoA-DR,Mask,1024,1024,../data/uncleaned/train/mask/UoA-DR_54_mask.png
412,55_mask.png,UoA-DR,Mask,1024,1024,../data/uncleaned/train/mask/UoA-DR_55_mask.png
413,56_mask.png,UoA-DR,Mask,1024,1024,../data/uncleaned/train/mask/UoA-DR_56_mask.png
414,57_mask.png,UoA-DR,Mask,1024,1024,../data/uncleaned/train/mask/UoA-DR_57_mask.png
415,5_mask.png,UoA-DR,Mask,1024,1024,../data/uncleaned/train/mask/UoA-DR_5_mask.png
416,6_mask.png,UoA-DR,Mask,1024,1024,../data/uncleaned/train/mask/UoA-DR_6_mask.png
417,7_mask.png,UoA-DR,Mask,1024,1024,../data/uncleaned/train/mask/UoA-DR_7_mask.png
418,82_mask.png,UoA-DR,Mask,1024,1024,../data/uncleaned/train/mask/UoA-DR_82_mask.png
419,8_mask.png,UoA-DR,Mask,1024,1024,../data/uncleaned/train/mask/UoA-DR_8_mask.png
420,95_mask.png,UoA-DR,Mask,1024,1024,../data/uncleaned/train/mask/UoA-DR_95_mask.png
421,96_mask.png,UoA-DR,Mask,1024,1024,../data/uncleaned/train/mask/UoA-DR_96_mask.png
422,97_mask.png,UoA-DR,Mask,1024,1024,../data/uncleaned/train/mask/UoA-DR_97_mask.png
423,98_mask.png,UoA-DR,Mask,1024,1024,../data/uncleaned/train/mask/UoA-DR_98_mask.png
424,99_mask.png,UoA-DR,Mask,1024,1024,../data/uncleaned/train/mask/UoA-DR_99_mask.png
425,9_mask.png,UoA-DR,Mask,1024,1024,../data/uncleaned/train/mask/UoA-DR_9_mask.png
